Id,ResName,url,type
ID,文件,网络路径,类型（比如 模型 纹理 骨骼 特效 地图配置 光照图 材质）
uint,string,string,string
0,allresinfo,config/allresinfo,resinfo
1,allcsvinfo,config/allcsvinfo,csv
2,alllua,config/alllua,lua
3,mo_skill_tips,ui/other/mo_skill_tips,模型
4,panel_dialog,ui/prefab/panel_dialog,面板
100,场景段100-1000,,
101,mo_1,scene/1/prefab/mo_1,模型
102,sd_1_0,scene/1/data/sd_1_0,地图动态数据
10000,面板段10000-11000,,
10001,panel_login,ui/prefab/panel_login,面板
10002,panel_create_role,ui/prefab/panel_create_role,面板
10003,panel_main,ui/prefab/panel_main,面板
10004,panel_select_hero,ui/prefab/panel_select_hero,面板
10005,panel_loading,ui/prefab/panel_loading,面板
10006,panel_joy_stick,ui/prefab/panel_joy_stick,面板
10007,panel_battle,ui/prefab/panel_battle,面板
10008,panel_bag,ui/prefab/panel_bag,面板
11000,图标段11000+,,
11001,icon_item_1,ui/dynamic/icon/item/icon_item_1,图标
11002,icon_item_2,ui/dynamic/icon/item/icon_item_2,图标
11003,icon_item_3,ui/dynamic/icon/item/icon_item_3,图标
11004,icon_item_4,ui/dynamic/icon/item/icon_item_4,图标
20000,特效段2000+,,
20011,fx_1_1,effect/fx_1/fx_1_1,特效
20021,fx_2_1,effect/fx_2/fx_2_1,特效
20022,fx_2_2,effect/fx_2/fx_2_2,特效
20023,fx_2_3,effect/fx_2/fx_2_3,特效
20032,fx_3_2,effect/fx_3/fx_3_2,特效
30000,骨骼蒙皮,,
30001,bo_mx_baolong_01,moudle/bo_mx_baolong/bo_mx_baolong_01,骨骼蒙皮
30002,bo_mx_baolong_02,moudle/bo_mx_baolong/bo_mx_baolong_02,骨骼蒙皮