id,资源编号,资源名称,生命时间,声音编号,是否震屏,备注
Id,resId,resName,liveTime,soundId,shakeCamera,bz
int,int,string,float,int,int,string
,,,,,,
11,11,fx_skill_jg,,,,测试激光
,,,,,,
5,5,fx_null,,,,空特效 用于配置无效果时的声音
6,6,fx_jiaodi_zj,0,,,主角脚底
7,7,fx_jiaodi_gw,0,,,目标怪物脚底
,,,,,,
,,,,,,
30001,30001,fx_100140_attack_01,0,,130001,火女技能普攻
30002,30002,fx_100140_skill01_01,2.6,,130002,火女技能蝶阵
30003,30003,fx_100140_skill02_01,3,,130003,火女技能陨石
30004,30004,fx_100140_skill03_01,2,,130004,火女技能火环
30005,30005,fx_100140_attack_hit01,1,,130005,火女技能普攻受击
30006,30006,fx_100140_buff01,,,,火女脚底buff
,,,,,,
30007,30007,fx_100140_born,,,,展示特效-出现
30008,30008,fx_100140_idle01,,,,展示特效-待机
30009,30009,fx_100140_rest,,,,展示特效-点击
